{
  "id": "3913602",
  "name": "哔哩哔哩图标",
  "font_family": "iconfont",
  "css_prefix_text": "icon-third",
  "description": "哔哩哔哩图标",
  "glyphs": [
    {
      "icon_id": "3640183",
      "name": "客服",
      "font_class": "kefu",
      "unicode": "e60b",
      "unicode_decimal": 58891
    },
    {
      "icon_id": "27348374",
      "name": "nav_社区中心",
      "font_class": "nav_shequzhongxin",
      "unicode": "e632",
      "unicode_decimal": 58930
    },
    {
      "icon_id": "648799",
      "name": "灯泡",
      "font_class": "dengpao1",
      "unicode": "e630",
      "unicode_decimal": 58928
    },
    {
      "icon_id": "17397677",
      "name": "稿件管理",
      "font_class": "gaojianguanli",
      "unicode": "e60a",
      "unicode_decimal": 58890
    },
    {
      "icon_id": "5943957",
      "name": "上传",
      "font_class": "shangchuan",
      "unicode": "e63c",
      "unicode_decimal": 58940
    },
    {
      "icon_id": "782220",
      "name": "收藏1",
      "font_class": "shoucang11",
      "unicode": "e6c5",
      "unicode_decimal": 59077
    },
    {
      "icon_id": "17548273",
      "name": "短线",
      "font_class": "duanxian",
      "unicode": "e609",
      "unicode_decimal": 58889
    },
    {
      "icon_id": "1236852",
      "name": "旗帜",
      "font_class": "07",
      "unicode": "e612",
      "unicode_decimal": 58898
    },
    {
      "icon_id": "1619263",
      "name": "衣服",
      "font_class": "tubiao-",
      "unicode": "e610",
      "unicode_decimal": 58896
    },
    {
      "icon_id": "3456461",
      "name": "扫码",
      "font_class": "saoma",
      "unicode": "e712",
      "unicode_decimal": 59154
    },
    {
      "icon_id": "7105054",
      "name": "任务",
      "font_class": "renwu",
      "unicode": "e621",
      "unicode_decimal": 58913
    },
    {
      "icon_id": "9962326",
      "name": "离线缓存",
      "font_class": "lixianhuancun",
      "unicode": "e637",
      "unicode_decimal": 58935
    },
    {
      "icon_id": "14777436",
      "name": "半月",
      "font_class": "banyue",
      "unicode": "e759",
      "unicode_decimal": 59225
    },
    {
      "icon_id": "16397035",
      "name": "稍后处理",
      "font_class": "shaohouchuli",
      "unicode": "e61f",
      "unicode_decimal": 58911
    },
    {
      "icon_id": "34303472",
      "name": "三个点-copy",
      "font_class": "sangedian",
      "unicode": "e608",
      "unicode_decimal": 58888
    },
    {
      "icon_id": "13417286",
      "name": "三条线",
      "font_class": "santiaoxian_",
      "unicode": "e628",
      "unicode_decimal": 58920
    },
    {
      "icon_id": "6665569",
      "name": "游戏",
      "font_class": "airudiantubiaohuizhi-zhuanqu_youxi",
      "unicode": "e69d",
      "unicode_decimal": 59037
    },
    {
      "icon_id": "8714756",
      "name": "会员购@2x",
      "font_class": "huiyuangoux",
      "unicode": "e653",
      "unicode_decimal": 58963
    },
    {
      "icon_id": "6865347",
      "name": "设置",
      "font_class": "shezhi",
      "unicode": "e60f",
      "unicode_decimal": 58895
    },
    {
      "icon_id": "30044907",
      "name": "纸飞机-fill",
      "font_class": "paperPlane-fill",
      "unicode": "e6c1",
      "unicode_decimal": 59073
    },
    {
      "icon_id": "4933869",
      "name": "点",
      "font_class": "dian",
      "unicode": "ec1e",
      "unicode_decimal": 60446
    },
    {
      "icon_id": "7836437",
      "name": "小三角形-01",
      "font_class": "xiaosanjiaoxing01-copy",
      "unicode": "e605",
      "unicode_decimal": 58885
    },
    {
      "icon_id": "8361908",
      "name": "闹钟3",
      "font_class": "naozhong1",
      "unicode": "e6dc",
      "unicode_decimal": 59100
    },
    {
      "icon_id": "1265517",
      "name": "闹钟",
      "font_class": "naozhong",
      "unicode": "e606",
      "unicode_decimal": 58886
    },
    {
      "icon_id": "28083911",
      "name": "bilibili",
      "font_class": "bilibili",
      "unicode": "e604",
      "unicode_decimal": 58884
    },
    {
      "icon_id": "5663246",
      "name": "LV1",
      "font_class": "1",
      "unicode": "e691",
      "unicode_decimal": 59025
    },
    {
      "icon_id": "5663247",
      "name": "LV2",
      "font_class": "2",
      "unicode": "e692",
      "unicode_decimal": 59026
    },
    {
      "icon_id": "5663248",
      "name": "LV3",
      "font_class": "3",
      "unicode": "e693",
      "unicode_decimal": 59027
    },
    {
      "icon_id": "5663249",
      "name": "LV4",
      "font_class": "4",
      "unicode": "e694",
      "unicode_decimal": 59028
    },
    {
      "icon_id": "5663250",
      "name": "LV5",
      "font_class": "5",
      "unicode": "e695",
      "unicode_decimal": 59029
    },
    {
      "icon_id": "5663251",
      "name": "LV6",
      "font_class": "6",
      "unicode": "e696",
      "unicode_decimal": 59030
    },
    {
      "icon_id": "11931085",
      "name": "Lv4",
      "font_class": "Lv",
      "unicode": "e613",
      "unicode_decimal": 58899
    },
    {
      "icon_id": "18729615",
      "name": "踩",
      "font_class": "cai1",
      "unicode": "e659",
      "unicode_decimal": 58969
    },
    {
      "icon_id": "4266145",
      "name": "踩",
      "font_class": "cai",
      "unicode": "e70e",
      "unicode_decimal": 59150
    },
    {
      "icon_id": "1256560",
      "name": "信息",
      "font_class": "xinxi1",
      "unicode": "e60e",
      "unicode_decimal": 58894
    },
    {
      "icon_id": "5023641",
      "name": "播放",
      "font_class": "bofang",
      "unicode": "e62c",
      "unicode_decimal": 58924
    },
    {
      "icon_id": "1201498",
      "name": "up",
      "font_class": "up",
      "unicode": "e603",
      "unicode_decimal": 58883
    },
    {
      "icon_id": "7401956",
      "name": "icon-专栏-专栏文章",
      "font_class": "icon-zhuanlan-zhuanlanwenzhang",
      "unicode": "e602",
      "unicode_decimal": 58882
    },
    {
      "icon_id": "21497148",
      "name": "直播买车",
      "font_class": "zhibomaiche",
      "unicode": "e607",
      "unicode_decimal": 58887
    },
    {
      "icon_id": "15644334",
      "name": "火",
      "font_class": "huo",
      "unicode": "e6c0",
      "unicode_decimal": 59072
    },
    {
      "icon_id": "24570133",
      "name": "圆",
      "font_class": "yuan",
      "unicode": "e611",
      "unicode_decimal": 58897
    },
    {
      "icon_id": "577362",
      "name": "时钟",
      "font_class": "shizhong",
      "unicode": "e74f",
      "unicode_decimal": 59215
    },
    {
      "icon_id": "1086149",
      "name": "灯泡",
      "font_class": "dengpao",
      "unicode": "e600",
      "unicode_decimal": 58880
    },
    {
      "icon_id": "2377405",
      "name": "我的大会员",
      "font_class": "wodedahuiyuan",
      "unicode": "e6c3",
      "unicode_decimal": 59075
    },
    {
      "icon_id": "8798027",
      "name": "信息",
      "font_class": "xinxi",
      "unicode": "e7d8",
      "unicode_decimal": 59352
    },
    {
      "icon_id": "10232780",
      "name": "收藏",
      "font_class": "shoucang1",
      "unicode": "e78d",
      "unicode_decimal": 59277
    },
    {
      "icon_id": "12284220",
      "name": "windmill",
      "font_class": "fengche",
      "unicode": "e827",
      "unicode_decimal": 59431
    },
    {
      "icon_id": "4775356",
      "name": "搜索",
      "font_class": "sousuo",
      "unicode": "e66d",
      "unicode_decimal": 58989
    },
    {
      "icon_id": "722445",
      "name": "货币",
      "font_class": "huobi",
      "unicode": "e60d",
      "unicode_decimal": 58893
    },
    {
      "icon_id": "2076187",
      "name": " 收藏2",
      "font_class": "shoucang",
      "unicode": "e86d",
      "unicode_decimal": 59501
    },
    {
      "icon_id": "6380878",
      "name": "点赞_块",
      "font_class": "dianzan_kuai",
      "unicode": "ec8c",
      "unicode_decimal": 60556
    },
    {
      "icon_id": "25430344",
      "name": "哔哩哔哩图标",
      "font_class": "bilibilitubiao",
      "unicode": "e601",
      "unicode_decimal": 58881
    }
  ]
}
